<application>
  <component name="SetterTemplates">
    <option name="defaultTempalteName" value="javadocs_builder" />
    <option name="templates">
      <list>
        <TemplateResource>
          <option name="fileName" value="javadocs" />
          <option name="template" value="/**&#10; * Sets $field.name.&#10; *&#10; * @param $field.name value of $field.name&#10; */&#10;#set($paramName = $helper.getParamName($field, $project))&#10;#if($field.modifierStatic)&#10;static ##&#10;#end&#10;void set$StringUtil.capitalizeWithJavaBeanConvention($StringUtil.sanitizeJavaIdentifier($helper.getPropertyName($field, $project)))($field.type $paramName) {&#10;  #if ($field.name == $paramName)&#10;    #if (!$field.modifierStatic)&#10;      this.##&#10;    #else&#10;      $classname.##&#10;    #end&#10;  #end&#10;  $field.name = $paramName;&#10;}" />
        </TemplateResource>
        <TemplateResource>
          <option name="fileName" value="javadocs_builder" />
          <option name="template" value="/**&#10; * Sets $field.name.&#10; *&#10; * @param $field.name value of $field.name&#10; * @return {@link $class.name}&#10; */&#10;#set($paramName = $helper.getParamName($field, $project))&#10;public ##&#10;#if($field.modifierStatic)&#10;static void ##&#10;#else&#10;  $classSignature ##&#10;#end&#10;set$StringUtil.capitalizeWithJavaBeanConvention($StringUtil.sanitizeJavaIdentifier($helper.getPropertyName($field, $project)))($field.type $paramName) {&#10;#if ($field.name == $paramName)&#10;  #if (!$field.modifierStatic)&#10;  this.##&#10;  #else&#10;    $classname.##&#10;  #end&#10;#end&#10;$field.name = $paramName;&#10;#if(!$field.modifierStatic)&#10;return this;&#10;#end&#10;}" />
        </TemplateResource>
      </list>
    </option>
  </component>
</application>