<keymap version="1" name="Default for XWin copy" parent="Default for XWin">
  <action id="Back">
    <mouse-shortcut keystroke="button4" />
    <keyboard-shortcut first-keystroke="ctrl left" />
  </action>
  <action id="CopyElement" />
  <action id="DatabaseView.CopyTable" />
  <action id="EditorDeleteLine">
    <keyboard-shortcut first-keystroke="ctrl y" />
    <keyboard-shortcut first-keystroke="ctrl d" />
  </action>
  <action id="EditorNextWord" />
  <action id="EditorPreviousWord" />
  <action id="Forward">
    <mouse-shortcut keystroke="button5" />
    <keyboard-shortcut first-keystroke="ctrl right" />
  </action>
  <action id="GuiDesigner.QuickJavadoc">
    <mouse-shortcut keystroke="alt button2" />
  </action>
  <action id="JumpToLastChange">
    <keyboard-shortcut first-keystroke="shift ctrl back_space" />
    <keyboard-shortcut first-keystroke="ctrl q" />
  </action>
  <action id="Move" />
  <action id="NextDiff" />
  <action id="QuickJavaDoc">
    <mouse-shortcut keystroke="alt button2" />
  </action>
  <action id="StepInto">
    <keyboard-shortcut first-keystroke="f5" />
  </action>
  <action id="StepOut">
    <keyboard-shortcut first-keystroke="f7" />
  </action>
  <action id="StepOver">
    <keyboard-shortcut first-keystroke="f6" />
  </action>
  <action id="UML.ApplyCurrentLayout" />
</keymap>