<keymap version="1" name="Eclipse copy" parent="Eclipse">
  <action id="CollapseAllRegions">
    <keyboard-shortcut first-keystroke="shift ctrl divide" />
    <keyboard-shortcut first-keystroke="ctrl 7" />
  </action>
  <action id="ExpandAllRegions">
    <keyboard-shortcut first-keystroke="ctrl multiply" />
    <keyboard-shortcut first-keystroke="ctrl 8" />
  </action>
  <action id="GotoBookmark0" />
  <action id="GotoBookmark7" />
  <action id="GotoBookmark8" />
  <action id="GotoBookmark9" />
  <action id="GotoSuperMethod">
    <keyboard-shortcut first-keystroke="ctrl alt t" />
  </action>
  <action id="SurroundWith">
    <keyboard-shortcut first-keystroke="shift alt z" />
  </action>
  <action id="ToggleBookmark">
    <keyboard-shortcut first-keystroke="shift ctrl f11" />
    <keyboard-shortcut first-keystroke="ctrl 0" />
  </action>
  <action id="ToggleBookmarkWithMnemonic">
    <keyboard-shortcut first-keystroke="shift ctrl alt f11" />
    <keyboard-shortcut first-keystroke="ctrl 9" />
  </action>
</keymap>